{
    "$schema": "https://schema.management.azure.com/schemas/2015-01-01/deploymentParameters.json#",
    "contentVersion": "1.0.0.0",
    "parameters": {
        "factoryName": {
            "value": "devolympics-adfyd"
        },
        "AzureDataLakeLS_accountKey": {
            "value": ""
        },
        "AzureDataLakeLS_properties_typeProperties_url": {
            "value": "https://olympicsprojectdlyd.dfs.core.windows.net/"
        },
        "gitLS_properties_typeProperties_url": {
            "value": "https://raw.githubusercontent.com"
        },
        "containerUri": {
            "value": ""
        },
        "containerSasToken": {
            "value": ""
        }
    }
}