{
    "$schema": "http://schema.management.azure.com/schemas/2015-01-01/deploymentTemplate.json#",
    "contentVersion": "1.0.0.0",
    "parameters": {
        "factoryName": {
            "type": "string",
            "metadata": "Data Factory name",
            "defaultValue": "devolympics-adfyd"
        },
        "AzureDataLakeLS_accountKey": {
            "type": "secureString",
            "metadata": "Secure string for 'accountKey' of 'AzureDataLakeLS'"
        },
        "AzureDataLakeLS_properties_typeProperties_url": {
            "type": "string",
            "defaultValue": "https://olympicsprojectdlyd.dfs.core.windows.net/"
        },
        "gitLS_properties_typeProperties_url": {
            "type": "string",
            "defaultValue": "https://raw.githubusercontent.com"
        }
    },
    "variables": {
        "factoryId": "[concat('Microsoft.DataFactory/factories/', parameters('factoryName'))]"
    },
    "resources": [
        {
            "name": "[concat(parameters('factoryName'), '/AzureDataLakeLS')]",
            "type": "Microsoft.DataFactory/factories/linkedServices",
            "apiVersion": "2018-06-01",
            "properties": {
                "annotations": [],
                "type": "AzureBlobFS",
                "typeProperties": {
                    "url": "[parameters('AzureDataLakeLS_properties_typeProperties_url')]",
                    "accountKey": {
                        "type": "SecureString",
                        "value": "[parameters('AzureDataLakeLS_accountKey')]"
                    }
                }
            },
            "dependsOn": []
        },
        {
            "name": "[concat(parameters('factoryName'), '/gitLS')]",
            "type": "Microsoft.DataFactory/factories/linkedServices",
            "apiVersion": "2018-06-01",
            "properties": {
                "annotations": [],
                "type": "HttpServer",
                "typeProperties": {
                    "url": "[parameters('gitLS_properties_typeProperties_url')]",
                    "enableServerCertificateValidation": true,
                    "authenticationType": "Anonymous"
                }
            },
            "dependsOn": []
        },
        {
            "name": "[concat(parameters('factoryName'), '/Jsondataset')]",
            "type": "Microsoft.DataFactory/factories/datasets",
            "apiVersion": "2018-06-01",
            "properties": {
                "linkedServiceName": {
                    "referenceName": "AzureDataLakeLS",
                    "type": "LinkedServiceReference"
                },
                "annotations": [],
                "type": "Json",
                "typeProperties": {
                    "location": {
                        "type": "AzureBlobFSLocation",
                        "fileName": "param.json",
                        "fileSystem": "bronze"
                    }
                },
                "schema": {
                    "type": "object",
                    "properties": {
                        "p_rel_url": {
                            "type": "string"
                        },
                        "p_folder": {
                            "type": "string"
                        },
                        "p_file": {
                            "type": "string"
                        }
                    }
                }
            },
            "dependsOn": [
                "[concat(variables('factoryId'), '/linkedServices/AzureDataLakeLS')]"
            ]
        },
        {
            "name": "[concat(parameters('factoryName'), '/bronzedl')]",
            "type": "Microsoft.DataFactory/factories/datasets",
            "apiVersion": "2018-06-01",
            "properties": {
                "linkedServiceName": {
                    "referenceName": "AzureDataLakeLS",
                    "type": "LinkedServiceReference"
                },
                "parameters": {
                    "p_folder": {
                        "type": "string"
                    },
                    "p_file": {
                        "type": "string"
                    }
                },
                "annotations": [],
                "type": "Parquet",
                "typeProperties": {
                    "location": {
                        "type": "AzureBlobFSLocation",
                        "fileName": {
                            "value": "@dataset().p_file",
                            "type": "Expression"
                        },
                        "folderPath": {
                            "value": "@dataset().p_folder",
                            "type": "Expression"
                        },
                        "fileSystem": "bronze"
                    },
                    "compressionCodec": "snappy"
                },
                "schema": []
            },
            "dependsOn": [
                "[concat(variables('factoryId'), '/linkedServices/AzureDataLakeLS')]"
            ]
        },
        {
            "name": "[concat(parameters('factoryName'), '/datalakeDS')]",
            "type": "Microsoft.DataFactory/factories/datasets",
            "apiVersion": "2018-06-01",
            "properties": {
                "linkedServiceName": {
                    "referenceName": "AzureDataLakeLS",
                    "type": "LinkedServiceReference"
                },
                "annotations": [],
                "type": "DelimitedText",
                "typeProperties": {
                    "location": {
                        "type": "AzureBlobFSLocation",
                        "folderPath": "raw_data",
                        "fileSystem": "source"
                    },
                    "columnDelimiter": ",",
                    "escapeChar": "\\",
                    "firstRowAsHeader": true,
                    "quoteChar": "\""
                },
                "schema": [
                    {
                        "name": "code",
                        "type": "String"
                    },
                    {
                        "name": "country",
                        "type": "String"
                    },
                    {
                        "name": "country_long",
                        "type": "String"
                    },
                    {
                        "name": "tag",
                        "type": "String"
                    },
                    {
                        "name": "note",
                        "type": "String"
                    }
                ]
            },
            "dependsOn": [
                "[concat(variables('factoryId'), '/linkedServices/AzureDataLakeLS')]"
            ]
        },
        {
            "name": "[concat(parameters('factoryName'), '/para_ds')]",
            "type": "Microsoft.DataFactory/factories/datasets",
            "apiVersion": "2018-06-01",
            "properties": {
                "linkedServiceName": {
                    "referenceName": "AzureDataLakeLS",
                    "type": "LinkedServiceReference"
                },
                "parameters": {
                    "p_container": {
                        "type": "string"
                    },
                    "p_folder": {
                        "type": "string"
                    },
                    "p_file": {
                        "type": "string"
                    }
                },
                "annotations": [],
                "type": "DelimitedText",
                "typeProperties": {
                    "location": {
                        "type": "AzureBlobFSLocation",
                        "fileName": {
                            "value": "@dataset().p_file",
                            "type": "Expression"
                        },
                        "folderPath": {
                            "value": "@dataset().p_folder",
                            "type": "Expression"
                        },
                        "fileSystem": {
                            "value": "@dataset().p_container",
                            "type": "Expression"
                        }
                    },
                    "columnDelimiter": ",",
                    "escapeChar": "\\",
                    "firstRowAsHeader": true,
                    "quoteChar": "\""
                },
                "schema": [
                    {
                        "name": "code",
                        "type": "String"
                    },
                    {
                        "name": "country",
                        "type": "String"
                    },
                    {
                        "name": "country_long",
                        "type": "String"
                    },
                    {
                        "name": "tag",
                        "type": "String"
                    },
                    {
                        "name": "note",
                        "type": "String"
                    }
                ]
            },
            "dependsOn": [
                "[concat(variables('factoryId'), '/linkedServices/AzureDataLakeLS')]"
            ]
        },
        {
            "name": "[concat(parameters('factoryName'), '/rawdatagit')]",
            "type": "Microsoft.DataFactory/factories/datasets",
            "apiVersion": "2018-06-01",
            "properties": {
                "linkedServiceName": {
                    "referenceName": "gitLS",
                    "type": "LinkedServiceReference"
                },
                "parameters": {
                    "p_rel_url": {
                        "type": "string"
                    }
                },
                "annotations": [],
                "type": "DelimitedText",
                "typeProperties": {
                    "location": {
                        "type": "HttpServerLocation",
                        "relativeUrl": {
                            "value": "@dataset().p_rel_url",
                            "type": "Expression"
                        }
                    },
                    "columnDelimiter": ",",
                    "escapeChar": "\\",
                    "firstRowAsHeader": true,
                    "quoteChar": "\""
                },
                "schema": []
            },
            "dependsOn": [
                "[concat(variables('factoryId'), '/linkedServices/gitLS')]"
            ]
        },
        {
            "name": "[concat(parameters('factoryName'), '/datalakeingestion')]",
            "type": "Microsoft.DataFactory/factories/pipelines",
            "apiVersion": "2018-06-01",
            "properties": {
                "activities": [
                    {
                        "name": "Get Metadata FOLDER",
                        "type": "GetMetadata",
                        "dependsOn": [],
                        "policy": {
                            "timeout": "0.12:00:00",
                            "retry": 0,
                            "retryIntervalInSeconds": 30,
                            "secureOutput": false,
                            "secureInput": false
                        },
                        "userProperties": [],
                        "typeProperties": {
                            "dataset": {
                                "referenceName": "datalakeDS",
                                "type": "DatasetReference",
                                "parameters": {}
                            },
                            "fieldList": [
                                "childItems"
                            ],
                            "storeSettings": {
                                "type": "AzureBlobFSReadSettings",
                                "recursive": true,
                                "enablePartitionDiscovery": false
                            },
                            "formatSettings": {
                                "type": "DelimitedTextReadSettings"
                            }
                        }
                    },
                    {
                        "name": "ForEachFILE",
                        "type": "ForEach",
                        "dependsOn": [
                            {
                                "activity": "Get Metadata FOLDER",
                                "dependencyConditions": [
                                    "Succeeded"
                                ]
                            }
                        ],
                        "userProperties": [],
                        "typeProperties": {
                            "items": {
                                "value": "@activity('Get Metadata FOLDER').output.childItems",
                                "type": "Expression"
                            },
                            "activities": [
                                {
                                    "name": "If Condition file match",
                                    "type": "IfCondition",
                                    "dependsOn": [],
                                    "userProperties": [],
                                    "typeProperties": {
                                        "expression": {
                                            "value": "@and(equals(item().name,'nocs.csv'),equals(item().type,'File'))",
                                            "type": "Expression"
                                        },
                                        "ifFalseActivities": [
                                            {
                                                "name": "Append variable files",
                                                "type": "AppendVariable",
                                                "dependsOn": [],
                                                "userProperties": [],
                                                "typeProperties": {
                                                    "variableName": "v_file_array",
                                                    "value": {
                                                        "value": "@item().name",
                                                        "type": "Expression"
                                                    }
                                                }
                                            }
                                        ],
                                        "ifTrueActivities": [
                                            {
                                                "name": "Copy data1",
                                                "type": "Copy",
                                                "dependsOn": [],
                                                "policy": {
                                                    "timeout": "0.12:00:00",
                                                    "retry": 0,
                                                    "retryIntervalInSeconds": 30,
                                                    "secureOutput": false,
                                                    "secureInput": false
                                                },
                                                "userProperties": [],
                                                "typeProperties": {
                                                    "source": {
                                                        "type": "DelimitedTextSource",
                                                        "storeSettings": {
                                                            "type": "AzureBlobFSReadSettings",
                                                            "recursive": true,
                                                            "enablePartitionDiscovery": false
                                                        },
                                                        "formatSettings": {
                                                            "type": "DelimitedTextReadSettings"
                                                        }
                                                    },
                                                    "sink": {
                                                        "type": "DelimitedTextSink",
                                                        "storeSettings": {
                                                            "type": "AzureBlobFSWriteSettings"
                                                        },
                                                        "formatSettings": {
                                                            "type": "DelimitedTextWriteSettings",
                                                            "quoteAllText": true,
                                                            "fileExtension": ".txt"
                                                        }
                                                    },
                                                    "enableStaging": false,
                                                    "translator": {
                                                        "type": "TabularTranslator",
                                                        "typeConversion": true,
                                                        "typeConversionSettings": {
                                                            "allowDataTruncation": true,
                                                            "treatBooleanAsNumber": false
                                                        }
                                                    }
                                                },
                                                "inputs": [
                                                    {
                                                        "referenceName": "para_ds",
                                                        "type": "DatasetReference",
                                                        "parameters": {
                                                            "p_container": "source",
                                                            "p_folder": "raw_data",
                                                            "p_file": {
                                                                "value": "@item().name",
                                                                "type": "Expression"
                                                            }
                                                        }
                                                    }
                                                ],
                                                "outputs": [
                                                    {
                                                        "referenceName": "para_ds",
                                                        "type": "DatasetReference",
                                                        "parameters": {
                                                            "p_container": "bronze",
                                                            "p_folder": "nocs",
                                                            "p_file": {
                                                                "value": "@item().name",
                                                                "type": "Expression"
                                                            }
                                                        }
                                                    }
                                                ]
                                            }
                                        ]
                                    }
                                }
                            ]
                        }
                    },
                    {
                        "name": "Set file names",
                        "type": "SetVariable",
                        "dependsOn": [
                            {
                                "activity": "ForEachFILE",
                                "dependencyConditions": [
                                    "Completed"
                                ]
                            }
                        ],
                        "policy": {
                            "secureOutput": false,
                            "secureInput": false
                        },
                        "userProperties": [],
                        "typeProperties": {
                            "variableName": "v_file_names",
                            "value": {
                                "value": "@string(variables('v_file_array'))",
                                "type": "Expression"
                            }
                        }
                    },
                    {
                        "name": "Set file numbers",
                        "type": "SetVariable",
                        "dependsOn": [
                            {
                                "activity": "ForEachFILE",
                                "dependencyConditions": [
                                    "Completed"
                                ]
                            }
                        ],
                        "policy": {
                            "secureOutput": false,
                            "secureInput": false
                        },
                        "userProperties": [],
                        "typeProperties": {
                            "variableName": "v_files_no",
                            "value": {
                                "value": "@length(variables('v_file_array'))",
                                "type": "Expression"
                            }
                        }
                    }
                ],
                "policy": {
                    "elapsedTimeMetric": {}
                },
                "variables": {
                    "v_file_array": {
                        "type": "Array"
                    },
                    "v_files_no": {
                        "type": "Integer"
                    },
                    "v_file_names": {
                        "type": "String"
                    }
                },
                "annotations": []
            },
            "dependsOn": [
                "[concat(variables('factoryId'), '/datasets/datalakeDS')]",
                "[concat(variables('factoryId'), '/datasets/para_ds')]"
            ]
        },
        {
            "name": "[concat(parameters('factoryName'), '/gitToBronze')]",
            "type": "Microsoft.DataFactory/factories/pipelines",
            "apiVersion": "2018-06-01",
            "properties": {
                "activities": [
                    {
                        "name": "LookupJSON",
                        "type": "Lookup",
                        "dependsOn": [],
                        "policy": {
                            "timeout": "0.12:00:00",
                            "retry": 0,
                            "retryIntervalInSeconds": 30,
                            "secureOutput": false,
                            "secureInput": false
                        },
                        "userProperties": [],
                        "typeProperties": {
                            "source": {
                                "type": "JsonSource",
                                "storeSettings": {
                                    "type": "AzureBlobFSReadSettings",
                                    "recursive": true,
                                    "enablePartitionDiscovery": false
                                },
                                "formatSettings": {
                                    "type": "JsonReadSettings"
                                }
                            },
                            "dataset": {
                                "referenceName": "Jsondataset",
                                "type": "DatasetReference",
                                "parameters": {}
                            },
                            "firstRowOnly": false
                        }
                    },
                    {
                        "name": "ForEachcsv",
                        "type": "ForEach",
                        "dependsOn": [
                            {
                                "activity": "LookupJSON",
                                "dependencyConditions": [
                                    "Succeeded"
                                ]
                            }
                        ],
                        "userProperties": [],
                        "typeProperties": {
                            "items": {
                                "value": "@activity('LookupJSON').output.value",
                                "type": "Expression"
                            },
                            "activities": [
                                {
                                    "name": "GitToBronze",
                                    "type": "Copy",
                                    "dependsOn": [],
                                    "policy": {
                                        "timeout": "0.12:00:00",
                                        "retry": 0,
                                        "retryIntervalInSeconds": 30,
                                        "secureOutput": false,
                                        "secureInput": false
                                    },
                                    "userProperties": [],
                                    "typeProperties": {
                                        "source": {
                                            "type": "DelimitedTextSource",
                                            "storeSettings": {
                                                "type": "HttpReadSettings",
                                                "requestMethod": "GET"
                                            },
                                            "formatSettings": {
                                                "type": "DelimitedTextReadSettings"
                                            }
                                        },
                                        "sink": {
                                            "type": "ParquetSink",
                                            "storeSettings": {
                                                "type": "AzureBlobFSWriteSettings"
                                            },
                                            "formatSettings": {
                                                "type": "ParquetWriteSettings"
                                            }
                                        },
                                        "enableStaging": false,
                                        "enableSkipIncompatibleRow": true,
                                        "translator": {
                                            "type": "TabularTranslator",
                                            "typeConversion": true,
                                            "typeConversionSettings": {
                                                "allowDataTruncation": true,
                                                "treatBooleanAsNumber": false
                                            }
                                        }
                                    },
                                    "inputs": [
                                        {
                                            "referenceName": "rawdatagit",
                                            "type": "DatasetReference",
                                            "parameters": {
                                                "p_rel_url": {
                                                    "value": "@item().p_rel_url",
                                                    "type": "Expression"
                                                }
                                            }
                                        }
                                    ],
                                    "outputs": [
                                        {
                                            "referenceName": "bronzedl",
                                            "type": "DatasetReference",
                                            "parameters": {
                                                "p_folder": {
                                                    "value": "@item().p_folder",
                                                    "type": "Expression"
                                                },
                                                "p_file": {
                                                    "value": "@item().p_file",
                                                    "type": "Expression"
                                                }
                                            }
                                        }
                                    ]
                                }
                            ]
                        }
                    }
                ],
                "policy": {
                    "elapsedTimeMetric": {}
                },
                "annotations": []
            },
            "dependsOn": [
                "[concat(variables('factoryId'), '/datasets/Jsondataset')]",
                "[concat(variables('factoryId'), '/datasets/rawdatagit')]",
                "[concat(variables('factoryId'), '/datasets/bronzedl')]"
            ]
        }
    ]
}